date;brand_id;phrase_id;shows
2021-06-01;0;0;576
2021-06-01;0;1;90
2021-06-01;0;2;55
2021-06-01;0;3;144
2021-06-01;0;4;8
2021-06-01;0;5;66
2021-06-01;0;6;3
2021-06-01;0;7;8115
2021-06-01;0;8;1940
2021-06-01;0;9;526
2021-06-01;0;10;67
2021-06-01;1;11;1137
2021-06-01;1;12;98
2021-06-01;1;13;101
2021-06-01;1;14;196
2021-06-01;1;15;882
2021-06-01;1;16;87
2021-06-01;1;17;5078
2021-06-01;1;18;20790
2021-06-01;1;19;2003
2021-06-01;1;20;124
2021-06-01;1;21;1923
2021-06-01;1;22;222
2021-06-02;0;0;580
2021-06-02;0;1;83
2021-06-02;0;2;52
2021-06-02;0;3;147
2021-06-02;0;4;8
2021-06-02;0;5;66
2021-06-02;0;6;4
2021-06-02;0;7;8092
2021-06-02;0;8;1929
2021-06-02;0;9;509
2021-06-02;0;10;63
2021-06-02;1;11;1124
2021-06-02;1;12;93
2021-06-02;1;13;101
2021-06-02;1;14;209
2021-06-02;1;15;896
2021-06-02;1;16;83
2021-06-02;1;17;5096
2021-06-02;1;18;20786
2021-06-02;1;19;2006
2021-06-02;1;20;124
2021-06-02;1;21;1914
2021-06-02;1;22;217
2021-06-03;0;0;585
2021-06-03;0;1;81
2021-06-03;0;2;49
2021-06-03;0;3;146
2021-06-03;0;4;8
2021-06-03;0;5;66
2021-06-03;0;6;4
2021-06-03;0;7;8174
2021-06-03;0;8;1938
2021-06-03;0;9;500
2021-06-03;0;10;64
2021-06-03;1;11;1115
2021-06-03;1;12;91
2021-06-03;1;13;100
2021-06-03;1;14;215
2021-06-03;1;15;887
2021-06-03;1;16;80
2021-06-03;1;17;5138
2021-06-03;1;18;20889
2021-06-03;1;19;2005
2021-06-03;1;20;124
2021-06-03;1;21;1919
2021-06-03;1;22;221
2021-06-04;0;0;611
2021-06-04;0;1;81
2021-06-04;0;2;49
2021-06-04;0;3;149
2021-06-04;0;4;8
2021-06-04;0;5;66
2021-06-04;0;6;4
2021-06-04;0;7;8228
2021-06-04;0;8;1966
2021-06-04;0;9;498
2021-06-04;0;10;65
2021-06-04;1;11;1131
2021-06-04;1;12;92
2021-06-04;1;13;100
2021-06-04;1;14;225
2021-06-04;1;15;914
2021-06-04;1;16;77
2021-06-04;1;17;5189
2021-06-04;1;18;21073
2021-06-04;1;19;2015
2021-06-04;1;20;126
2021-06-04;1;21;1904
2021-06-04;1;22;226
2021-06-05;1;14;234
2021-06-05;1;15;929
2021-06-05;1;16;78
2021-06-05;0;0;648
2021-06-05;0;1;80
2021-06-05;0;2;48
2021-06-05;0;3;153
2021-06-05;0;4;8
2021-06-05;0;5;68
2021-06-05;0;6;3
2021-06-05;1;17;5228
2021-06-05;0;7;8300
2021-06-05;0;8;1980
2021-06-05;0;9;507
2021-06-05;0;10;74
2021-06-05;1;11;1138
2021-06-05;1;12;90
2021-06-05;1;13;101
2021-06-05;1;18;21138
2021-06-05;1;19;2025
2021-06-05;1;20;130
2021-06-05;1;21;1872
2021-06-05;1;22;222
2021-06-06;0;0;674
2021-06-06;0;1;82
2021-06-06;0;2;51
2021-06-06;0;3;161
2021-06-06;0;4;8
2021-06-06;0;5;68
2021-06-06;0;6;3
2021-06-06;0;7;8353
2021-06-06;0;8;1998
2021-06-06;0;9;495
2021-06-06;0;10;81
2021-06-06;1;11;1124
2021-06-06;1;12;79
2021-06-06;1;13;103
2021-06-06;1;14;247
2021-06-06;1;15;929
2021-06-06;1;16;75
2021-06-06;1;17;5264
2021-06-06;1;18;21218
2021-06-06;1;19;1989
2021-06-06;1;20;130
2021-06-06;1;21;1878
2021-06-06;1;22;216
2021-06-07;1;20;123
2021-06-07;1;21;1868
2021-06-07;0;0;711
2021-06-07;0;1;80
2021-06-07;0;2;52
2021-06-07;0;3;167
2021-06-07;0;4;8
2021-06-07;0;5;68
2021-06-07;0;6;3
2021-06-07;0;7;8420
2021-06-07;0;8;2004
2021-06-07;0;9;484
2021-06-07;0;10;81
2021-06-07;1;11;1114
2021-06-07;1;12;77
2021-06-07;1;13;104
2021-06-07;1;14;254
2021-06-07;1;15;929
2021-06-07;1;16;73
2021-06-07;1;17;5240
2021-06-07;1;18;21151
2021-06-07;1;19;1977
2021-06-07;1;22;209
2021-06-08;0;0;750
2021-06-08;0;1;81
2021-06-08;0;2;52
2021-06-08;0;3;171
2021-06-08;0;4;8
2021-06-08;0;5;64
2021-06-08;0;6;3
2021-06-08;0;7;8396
2021-06-08;0;8;1998
2021-06-08;0;9;478
2021-06-08;0;10;82
2021-06-08;1;11;1116
2021-06-08;1;12;75
2021-06-08;1;13;101
2021-06-08;1;14;261
2021-06-08;1;15;929
2021-06-08;1;16;73
2021-06-08;1;17;5216
2021-06-08;1;18;21090
2021-06-08;1;19;1975
2021-06-08;1;20;114
2021-06-08;1;21;1839
2021-06-08;1;22;203
2021-06-09;0;0;768
2021-06-09;0;1;82
2021-06-09;0;2;58
2021-06-09;0;3;171
2021-06-09;0;4;8
2021-06-09;0;5;66
2021-06-09;0;6;3
2021-06-09;0;7;8422
2021-06-09;0;8;1997
2021-06-09;0;9;466
2021-06-09;0;10;82
2021-06-09;1;11;1096
2021-06-09;1;12;71
2021-06-09;1;13;94
2021-06-09;1;14;271
2021-06-09;1;15;927
2021-06-09;1;16;67
2021-06-09;1;17;5194
2021-06-09;1;18;21040
2021-06-09;1;19;1950
2021-06-09;1;20;117
2021-06-09;1;21;1829
2021-06-09;1;22;199
2021-06-10;0;0;790
2021-06-10;0;1;84
2021-06-10;0;2;63
2021-06-10;0;3;166
2021-06-10;0;4;8
2021-06-10;0;5;63
2021-06-10;0;6;3
2021-06-10;1;14;277
2021-06-10;1;15;924
2021-06-10;1;16;63
2021-06-10;1;17;5239
2021-06-10;0;7;8395
2021-06-10;0;8;2012
2021-06-10;0;9;473
2021-06-10;0;10;82
2021-06-10;1;11;1091
2021-06-10;1;12;62
2021-06-10;1;13;88
2021-06-10;1;18;20904
2021-06-10;1;19;1936
2021-06-10;1;20;114
2021-06-10;1;21;1831
2021-06-10;1;22;194
2021-06-11;0;0;820
2021-06-11;0;1;85
2021-06-11;0;2;64
2021-06-11;0;3;170
2021-06-11;0;4;8
2021-06-11;0;5;68
2021-06-11;0;6;3
2021-06-11;0;7;8505
2021-06-11;0;8;2022
2021-06-11;0;9;465
2021-06-11;0;10;83
2021-06-11;1;11;1128
2021-06-11;1;12;62
2021-06-11;1;13;91
2021-06-11;1;14;288
2021-06-11;1;15;962
2021-06-11;1;16;61
2021-06-11;1;17;5296
2021-06-11;1;18;20952
2021-06-11;1;19;1954
2021-06-11;1;20;113
2021-06-11;1;21;1852
2021-06-11;1;22;194
2021-06-12;0;0;852
2021-06-12;0;1;87
2021-06-12;0;2;65
2021-06-12;0;3;171
2021-06-12;0;4;8
2021-06-12;0;5;69
2021-06-12;0;6;3
2021-06-12;0;7;8620
2021-06-12;0;8;2042
2021-06-12;0;9;462
2021-06-12;0;10;83
2021-06-12;1;11;1176
2021-06-12;1;12;63
2021-06-12;1;13;95
2021-06-12;1;14;297
2021-06-12;1;15;992
2021-06-12;1;16;60
2021-06-12;1;17;5321
2021-06-12;1;18;21209
2021-06-12;1;19;1988
2021-06-12;1;20;121
2021-06-12;1;21;1850
2021-06-12;1;22;197
2021-06-13;0;0;900
2021-06-13;0;1;90
2021-06-13;0;2;65
2021-06-13;0;3;168
2021-06-13;0;4;8
2021-06-13;0;5;68
2021-06-13;0;6;3
2021-06-13;0;7;8717
2021-06-13;0;8;2025
2021-06-13;0;9;475
2021-06-13;0;10;84
2021-06-13;1;11;1189
2021-06-13;1;12;63
2021-06-13;1;13;101
2021-06-13;1;14;303
2021-06-13;1;15;992
2021-06-13;1;16;63
2021-06-13;1;17;5319
2021-06-13;1;18;21215
2021-06-13;1;19;1975
2021-06-13;1;20;124
2021-06-13;1;21;1848
2021-06-13;1;22;202
2021-06-14;0;0;948
2021-06-14;0;1;90
2021-06-14;0;2;65
2021-06-14;0;3;169
2021-06-14;0;4;8
2021-06-14;0;5;70
2021-06-14;0;6;4
2021-06-14;0;7;8860
2021-06-14;0;8;2029
2021-06-14;0;9;476
2021-06-14;0;10;83
2021-06-14;1;11;1174
2021-06-14;1;12;64
2021-06-14;1;13;107
2021-06-14;1;14;310
2021-06-14;1;15;989
2021-06-14;1;16;61
2021-06-14;1;17;5333
2021-06-14;1;18;21290
2021-06-14;1;19;1977
2021-06-14;1;20;128
2021-06-14;1;21;1841
2021-06-14;1;22;201
2021-06-15;1;15;990
2021-06-15;1;14;341
2021-06-15;0;0;1085
2021-06-15;0;1;82
2021-06-15;0;2;61
2021-06-15;0;3;161
2021-06-15;0;4;11
2021-06-15;0;5;72
2021-06-15;0;6;4
2021-06-15;0;7;9057
2021-06-15;0;8;2042
2021-06-15;0;9;466
2021-06-15;0;10;86
2021-06-15;1;11;1160
2021-06-15;1;12;62
2021-06-15;1;13;109
2021-06-15;1;16;59
2021-06-15;1;17;5274
2021-06-15;1;18;21155
2021-06-15;1;19;1937
2021-06-15;1;20;132
2021-06-15;1;21;1816
2021-06-15;1;22;202
2021-06-16;0;0;1085
2021-06-16;0;1;82
2021-06-16;0;2;61
2021-06-16;0;3;161
2021-06-16;0;4;11
2021-06-16;0;5;72
2021-06-16;0;6;4
2021-06-16;0;7;9057
2021-06-16;0;8;2042
2021-06-16;0;9;466
2021-06-16;0;10;86
2021-06-16;1;11;1160
2021-06-16;1;12;62
2021-06-16;1;13;109
2021-06-16;1;14;341
2021-06-16;1;15;990
2021-06-16;1;16;59
2021-06-16;1;17;5274
2021-06-16;1;18;21155
2021-06-16;1;19;1937
2021-06-16;1;20;132
2021-06-16;1;21;1816
2021-06-16;1;22;202
2021-06-17;0;8;2042
2021-06-17;0;9;466
2021-06-17;0;0;1085
2021-06-17;0;1;82
2021-06-17;0;2;61
2021-06-17;0;3;161
2021-06-17;0;4;11
2021-06-17;0;5;72
2021-06-17;0;6;4
2021-06-17;0;7;9057
2021-06-17;0;10;86
2021-06-17;1;11;1160
2021-06-17;1;12;62
2021-06-17;1;13;109
2021-06-17;1;14;341
2021-06-17;1;15;990
2021-06-17;1;16;59
2021-06-17;1;17;5274
2021-06-17;1;18;21155
2021-06-17;1;19;1937
2021-06-17;1;20;132
2021-06-17;1;21;1816
2021-06-17;1;22;202
2021-06-18;0;0;1242
2021-06-18;0;1;86
2021-06-18;0;2;65
2021-06-18;0;3;153
2021-06-18;0;4;7
2021-06-18;0;5;70
2021-06-18;0;6;3
2021-06-18;0;7;9377
2021-06-18;0;8;2026
2021-06-18;0;9;479
2021-06-18;0;10;89
2021-06-18;1;11;1150
2021-06-18;1;12;62
2021-06-18;1;13;104
2021-06-18;1;14;358
2021-06-18;1;15;967
2021-06-18;1;16;49
2021-06-18;1;17;5281
2021-06-18;1;18;21073
2021-06-18;1;19;1920
2021-06-18;1;20;131
2021-06-18;1;21;1771
2021-06-18;1;22;185
2021-06-19;0;0;1312
2021-06-19;0;1;89
2021-06-19;0;2;65
2021-06-19;0;3;154
2021-06-19;0;4;7
2021-06-19;0;5;73
2021-06-19;0;6;3
2021-06-19;0;7;9454
2021-06-19;0;8;2029
2021-06-19;0;9;478
2021-06-19;0;10;88
2021-06-19;1;11;1150
2021-06-19;1;12;67
2021-06-19;1;13;107
2021-06-19;1;14;362
2021-06-19;1;15;1003
2021-06-19;1;16;53
2021-06-19;1;17;5369
2021-06-19;1;18;21150
2021-06-19;1;19;1912
2021-06-19;1;20;131
2021-06-19;1;21;1764
2021-06-19;1;22;194
2021-06-20;0;0;1365
2021-06-20;0;1;80
2021-06-20;0;2;65
2021-06-20;0;3;151
2021-06-20;0;4;7
2021-06-20;0;5;78
2021-06-20;0;6;3
2021-06-20;0;7;9624
2021-06-20;0;8;1994
2021-06-20;0;9;477
2021-06-20;0;10;83
2021-06-20;1;11;1162
2021-06-20;1;12;62
2021-06-20;1;13;109
2021-06-20;1;14;367
2021-06-20;1;15;1008
2021-06-20;1;16;44
2021-06-20;1;17;5414
2021-06-20;1;18;21060
2021-06-20;1;19;1933
2021-06-20;1;20;132
2021-06-20;1;21;1748
2021-06-20;1;22;198
2021-06-21;0;0;1438
2021-06-21;0;1;80
2021-06-21;0;2;68
2021-06-21;0;3;151
2021-06-21;0;4;4
2021-06-21;0;5;77
2021-06-21;0;6;3
2021-06-21;0;7;9664
2021-06-21;0;8;1974
2021-06-21;0;9;477
2021-06-21;0;10;83
2021-06-21;1;11;1158
2021-06-21;1;12;56
2021-06-21;1;13;118
2021-06-21;1;14;378
2021-06-21;1;15;1004
2021-06-21;1;16;40
2021-06-21;1;17;5384
2021-06-21;1;18;20814
2021-06-21;1;19;1926
2021-06-21;1;20;131
2021-06-21;1;21;1758
2021-06-21;1;22;193
2021-06-22;1;14;411
2021-06-22;1;15;999
2021-06-22;1;16;44
2021-06-22;0;0;1506
2021-06-22;0;1;73
2021-06-22;0;2;67
2021-06-22;0;3;155
2021-06-22;0;4;4
2021-06-22;0;5;73
2021-06-22;0;6;3
2021-06-22;1;17;5391
2021-06-22;0;7;9856
2021-06-22;0;8;1962
2021-06-22;0;9;459
2021-06-22;0;10;77
2021-06-22;1;11;1165
2021-06-22;1;12;55
2021-06-22;1;13;116
2021-06-22;1;18;20614
2021-06-22;1;19;1943
2021-06-22;1;20;127
2021-06-22;1;21;1715
2021-06-22;1;22;194
2021-06-23;0;0;1506
2021-06-23;0;1;73
2021-06-23;0;2;67
2021-06-23;0;3;155
2021-06-23;0;4;4
2021-06-23;0;5;69
2021-06-23;0;6;3
2021-06-23;0;7;9856
2021-06-23;0;8;1962
2021-06-23;0;9;459
2021-06-23;0;10;77
2021-06-23;1;11;1165
2021-06-23;1;12;55
2021-06-23;1;13;116
2021-06-23;1;14;411
2021-06-23;1;15;999
2021-06-23;1;16;44
2021-06-23;1;17;5391
2021-06-23;1;18;20614
2021-06-23;1;19;1943
2021-06-23;1;20;127
2021-06-23;1;21;1715
2021-06-23;1;22;194
2021-06-24;0;0;1552
2021-06-24;0;1;69
2021-06-24;0;2;67
2021-06-24;0;3;159
2021-06-24;0;4;3
2021-06-24;0;5;67
2021-06-24;0;6;2
2021-06-24;0;7;9938
2021-06-24;0;8;1970
2021-06-24;0;9;463
2021-06-24;0;10;78
2021-06-24;1;11;1174
2021-06-24;1;12;54
2021-06-24;1;13;119
2021-06-24;1;14;433
2021-06-24;1;15;1002
2021-06-24;1;16;46
2021-06-24;1;17;5306
2021-06-24;1;18;20439
2021-06-24;1;19;1957
2021-06-24;1;20;127
2021-06-24;1;21;1706
2021-06-24;1;22;199
2021-06-25;0;0;1595
2021-06-25;0;1;65
2021-06-25;0;2;68
2021-06-25;0;3;159
2021-06-25;0;4;4
2021-06-25;0;5;68
2021-06-25;0;6;2
2021-06-25;0;7;10082
2021-06-25;0;8;1943
2021-06-25;0;9;463
2021-06-25;0;10;81
2021-06-25;1;11;1186
2021-06-25;1;12;53
2021-06-25;1;13;121
2021-06-25;1;14;454
2021-06-25;1;15;1004
2021-06-25;1;16;45
2021-06-25;1;17;5310
2021-06-25;1;18;20479
2021-06-25;1;19;1970
2021-06-25;1;20;129
2021-06-25;1;21;1704
2021-06-25;1;22;196
2021-06-26;0;0;1646
2021-06-26;0;1;65
2021-06-26;0;2;70
2021-06-26;0;3;160
2021-06-26;0;4;4
2021-06-26;0;5;72
2021-06-26;0;6;2
2021-06-26;0;7;10129
2021-06-26;0;8;1926
2021-06-26;0;9;479
2021-06-26;0;10;85
2021-06-26;1;11;1203
2021-06-26;1;12;56
2021-06-26;1;13;119
2021-06-26;1;14;462
2021-06-26;1;15;1002
2021-06-26;1;16;45
2021-06-26;1;17;5332
2021-06-26;1;18;20366
2021-06-26;1;19;1955
2021-06-26;1;20;124
2021-06-26;1;21;1682
2021-06-26;1;22;192
2021-06-27;0;0;1659
2021-06-27;0;1;62
2021-06-27;0;2;74
2021-06-27;0;3;159
2021-06-27;0;4;4
2021-06-27;0;5;76
2021-06-27;0;6;2
2021-06-27;1;14;472
2021-06-27;1;15;974
2021-06-27;1;16;46
2021-06-27;0;7;10160
2021-06-27;0;8;1859
2021-06-27;0;9;470
2021-06-27;0;10;69
2021-06-27;1;11;1190
2021-06-27;1;12;56
2021-06-27;1;13;118
2021-06-27;1;17;5261
2021-06-27;1;18;20188
2021-06-27;1;19;1960
2021-06-27;1;20;124
2021-06-27;1;21;1667
2021-06-27;1;22;186
2021-06-28;0;0;1666
2021-06-28;0;1;67
2021-06-28;0;2;76
2021-06-28;0;3;163
2021-06-28;0;4;4
2021-06-28;0;5;75
2021-06-28;0;6;2
2021-06-28;0;7;10184
2021-06-28;0;8;1846
2021-06-28;0;9;470
2021-06-28;0;10;74
2021-06-28;1;11;1179
2021-06-28;1;12;54
2021-06-28;1;13;113
2021-06-28;1;14;470
2021-06-28;1;15;981
2021-06-28;1;16;46
2021-06-28;1;17;5199
2021-06-28;1;18;20251
2021-06-28;1;19;2029
2021-06-28;1;20;122
2021-06-28;1;21;1650
2021-06-28;1;22;187
2021-06-29;0;8;1836
2021-06-29;0;9;480
2021-06-29;0;10;76
2021-06-29;0;0;1678
2021-06-29;0;1;66
2021-06-29;0;2;76
2021-06-29;0;3;164
2021-06-29;0;4;4
2021-06-29;0;5;71
2021-06-29;0;6;2
2021-06-29;0;7;10170
2021-06-29;1;11;1155
2021-06-29;1;12;53
2021-06-29;1;13;111
2021-06-29;1;14;469
2021-06-29;1;15;977
2021-06-29;1;16;46
2021-06-29;1;17;5215
2021-06-29;1;18;20343
2021-06-29;1;19;2059
2021-06-29;1;20;122
2021-06-29;1;21;1633
2021-06-29;1;22;183
2021-06-30;0;0;1678
2021-06-30;0;1;66
2021-06-30;0;2;76
2021-06-30;0;3;164
2021-06-30;0;4;4
2021-06-30;0;5;71
2021-06-30;0;6;2
2021-06-30;0;7;10170
2021-06-30;0;8;1836
2021-06-30;0;9;480
2021-06-30;0;10;76
2021-06-30;1;11;1155
2021-06-30;1;12;53
2021-06-30;1;13;111
2021-06-30;1;14;469
2021-06-30;1;15;977
2021-06-30;1;16;46
2021-06-30;1;17;5215
2021-06-30;1;18;20343
2021-06-30;1;19;2059
2021-06-30;1;20;122
2021-06-30;1;21;1633
2021-06-30;1;22;183
2021-07-01;0;0;1697
2021-07-01;0;1;63
2021-07-01;0;2;75
2021-07-01;0;3;158
2021-07-01;0;4;4
2021-07-01;0;5;66
2021-07-01;0;6;3
2021-07-01;0;7;10127
2021-07-01;0;8;1853
2021-07-01;0;9;482
2021-07-01;0;10;80
2021-07-01;1;11;1135
2021-07-01;1;12;55
2021-07-01;1;13;107
2021-07-01;1;14;472
2021-07-01;1;15;962
2021-07-01;1;16;46
2021-07-01;1;17;5227
2021-07-01;1;18;20291
2021-07-01;1;19;2080
2021-07-01;1;20;133
2021-07-01;1;21;1655
2021-07-01;1;22;190
2021-07-02;0;0;1697
2021-07-02;0;1;63
2021-07-02;0;2;75
2021-07-02;0;3;158
2021-07-02;0;4;4
2021-07-02;0;5;66
2021-07-02;0;6;3
2021-07-02;0;7;10127
2021-07-02;0;8;1853
2021-07-02;0;9;482
2021-07-02;0;10;80
2021-07-02;1;11;1135
2021-07-02;1;12;55
2021-07-02;1;13;107
2021-07-02;1;14;472
2021-07-02;1;15;962
2021-07-02;1;16;46
2021-07-02;1;17;5227
2021-07-02;1;18;20291
2021-07-02;1;19;2080
2021-07-02;1;20;133
2021-07-02;1;21;1655
2021-07-02;1;22;190
2021-07-03;0;0;1722
2021-07-03;0;1;69
2021-07-03;0;2;74
2021-07-03;0;3;160
2021-07-03;0;4;4
2021-07-03;0;5;69
2021-07-03;0;6;3
2021-07-03;0;7;10248
2021-07-03;0;8;1872
2021-07-03;0;9;494
2021-07-03;0;10;80
2021-07-03;1;11;1162
2021-07-03;1;12;58
2021-07-03;1;13;122
2021-07-03;1;14;473
2021-07-03;1;15;991
2021-07-03;1;16;50
2021-07-03;1;17;5370
2021-07-03;1;18;20529
2021-07-03;1;19;2150
2021-07-03;1;20;137
2021-07-03;1;21;1673
2021-07-03;1;22;200
2021-07-04;0;0;1727
2021-07-04;0;1;71
2021-07-04;0;2;76
2021-07-04;0;3;154
2021-07-04;0;4;4
2021-07-04;0;5;68
2021-07-04;0;6;3
2021-07-04;0;7;10304
2021-07-04;0;8;1860
2021-07-04;0;9;497
2021-07-04;0;10;84
2021-07-04;1;11;1165
2021-07-04;1;12;57
2021-07-04;1;13;126
2021-07-04;1;14;475
2021-07-04;1;15;984
2021-07-04;1;16;51
2021-07-04;1;17;5397
2021-07-04;1;18;20551
2021-07-04;1;19;2130
2021-07-04;1;20;137
2021-07-04;1;21;1688
2021-07-04;1;22;206
2021-07-05;0;0;1726
2021-07-05;0;1;75
2021-07-05;0;2;81
2021-07-05;0;3;152
2021-07-05;0;4;4
2021-07-05;0;5;68
2021-07-05;0;6;3
2021-07-05;0;7;10314
2021-07-05;0;8;1863
2021-07-05;0;9;488
2021-07-05;0;10;79
2021-07-05;1;11;1177
2021-07-05;1;12;58
2021-07-05;1;13;128
2021-07-05;1;14;478
2021-07-05;1;15;981
2021-07-05;1;16;50
2021-07-05;1;17;5405
2021-07-05;1;18;20550
2021-07-05;1;19;2097
2021-07-05;1;20;132
2021-07-05;1;21;1715
2021-07-05;1;22;207
2021-07-06;1;20;134
2021-07-06;0;0;1697
2021-07-06;0;1;73
2021-07-06;0;2;74
2021-07-06;0;3;142
2021-07-06;0;4;4
2021-07-06;0;5;70
2021-07-06;0;6;3
2021-07-06;0;7;10297
2021-07-06;0;8;1823
2021-07-06;0;9;515
2021-07-06;0;10;77
2021-07-06;1;11;1148
2021-07-06;1;12;54
2021-07-06;1;13;130
2021-07-06;1;14;480
2021-07-06;1;15;953
2021-07-06;1;16;50
2021-07-06;1;17;5420
2021-07-06;1;18;20431
2021-07-06;1;19;2128
2021-07-06;1;21;1706
2021-07-06;1;22;205
2021-07-07;0;0;1664
2021-07-07;0;1;74
2021-07-07;0;2;76
2021-07-07;0;3;139
2021-07-07;0;4;4
2021-07-07;0;5;75
2021-07-07;0;6;3
2021-07-07;0;7;10339
2021-07-07;0;8;1828
2021-07-07;0;9;521
2021-07-07;0;10;80
2021-07-07;1;11;1141
2021-07-07;1;12;55
2021-07-07;1;13;132
2021-07-07;1;14;484
2021-07-07;1;15;945
2021-07-07;1;16;51
2021-07-07;1;17;5448
2021-07-07;1;18;20464
2021-07-07;1;19;2127
2021-07-07;1;20;132
2021-07-07;1;21;1721
2021-07-07;1;22;221
2021-07-08;0;0;1664
2021-07-08;0;1;74
2021-07-08;0;2;76
2021-07-08;0;3;139
2021-07-08;0;4;4
2021-07-08;0;5;75
2021-07-08;0;6;3
2021-07-08;0;7;10339
2021-07-08;0;8;1828
2021-07-08;0;9;521
2021-07-08;0;10;80
2021-07-08;1;11;1141
2021-07-08;1;12;55
2021-07-08;1;13;132
2021-07-08;1;14;484
2021-07-08;1;15;945
2021-07-08;1;16;51
2021-07-08;1;17;5448
2021-07-08;1;18;20464
2021-07-08;1;19;2127
2021-07-08;1;20;132
2021-07-08;1;21;1721
2021-07-08;1;22;221
2021-07-09;1;14;485
2021-07-09;1;15;971
2021-07-09;1;16;53
2021-07-09;0;4;4
2021-07-09;0;5;76
2021-07-09;0;6;3
2021-07-09;0;0;1662
2021-07-09;0;1;71
2021-07-09;0;2;73
2021-07-09;0;3;143
2021-07-09;0;7;10409
2021-07-09;0;8;1834
2021-07-09;0;9;530
2021-07-09;0;10;80
2021-07-09;1;11;1162
2021-07-09;1;12;57
2021-07-09;1;13;143
2021-07-09;1;17;5519
2021-07-09;1;18;20601
2021-07-09;1;19;2152
2021-07-09;1;20;126
2021-07-09;1;21;1729
2021-07-09;1;22;222
2021-07-10;0;0;1654
2021-07-10;0;1;71
2021-07-10;0;2;69
2021-07-10;0;3;141
2021-07-10;0;4;4
2021-07-10;0;5;82
2021-07-10;0;6;6
2021-07-10;0;7;10480
2021-07-10;0;8;1849
2021-07-10;0;9;531
2021-07-10;0;10;81
2021-07-10;1;11;1179
2021-07-10;1;12;64
2021-07-10;1;13;148
2021-07-10;1;14;490
2021-07-10;1;15;967
2021-07-10;1;16;58
2021-07-10;1;17;5574
2021-07-10;1;18;20704
2021-07-10;1;19;2145
2021-07-10;1;20;126
2021-07-10;1;21;1732
2021-07-10;1;22;223
2021-07-11;0;0;1632
2021-07-11;0;1;66
2021-07-11;0;2;76
2021-07-11;0;3;135
2021-07-11;0;4;4
2021-07-11;0;5;79
2021-07-11;0;6;6
2021-07-11;0;7;10496
2021-07-11;0;8;1828
2021-07-11;0;9;518
2021-07-11;0;10;84
2021-07-11;1;11;1146
2021-07-11;1;12;64
2021-07-11;1;13;143
2021-07-11;1;14;492
2021-07-11;1;15;930
2021-07-11;1;16;64
2021-07-11;1;17;5667
2021-07-11;1;18;20694
2021-07-11;1;19;2150
2021-07-11;1;20;119
2021-07-11;1;21;1725
2021-07-11;1;22;230
2021-07-12;0;0;1603
2021-07-12;0;1;63
2021-07-12;0;2;74
2021-07-12;0;3;133
2021-07-12;0;4;4
2021-07-12;0;5;81
2021-07-12;0;6;6
2021-07-12;0;7;10445
2021-07-12;0;8;1819
2021-07-12;0;9;511
2021-07-12;0;10;84
2021-07-12;1;11;1137
2021-07-12;1;12;62
2021-07-12;1;13;142
2021-07-12;1;14;505
2021-07-12;1;15;919
2021-07-12;1;16;64
2021-07-12;1;17;5676
2021-07-12;1;18;20637
2021-07-12;1;19;2162
2021-07-12;1;20;120
2021-07-12;1;21;1766
2021-07-12;1;22;234
2021-07-13;0;0;1549
2021-07-13;0;1;62
2021-07-13;0;2;71
2021-07-13;0;3;130
2021-07-13;0;4;4
2021-07-13;0;5;78
2021-07-13;0;6;5
2021-07-13;0;7;10327
2021-07-13;0;8;1832
2021-07-13;0;9;516
2021-07-13;0;10;85
2021-07-13;1;11;1137
2021-07-13;1;12;64
2021-07-13;1;13;139
2021-07-13;1;14;516
2021-07-13;1;15;912
2021-07-13;1;16;64
2021-07-13;1;17;5654
2021-07-13;1;18;20470
2021-07-13;1;19;2156
2021-07-13;1;20;119
2021-07-13;1;21;1752
2021-07-13;1;22;226
2021-07-14;0;0;1488
2021-07-14;0;1;62
2021-07-14;0;2;70
2021-07-14;0;3;126
2021-07-14;0;4;1
2021-07-14;0;5;79
2021-07-14;0;6;5
2021-07-14;0;7;10219
2021-07-14;0;8;1827
2021-07-14;0;9;518
2021-07-14;0;10;87
2021-07-14;1;11;1131
2021-07-14;1;12;59
2021-07-14;1;13;138
2021-07-14;1;14;519
2021-07-14;1;15;904
2021-07-14;1;16;61
2021-07-14;1;17;5629
2021-07-14;1;18;20471
2021-07-14;1;19;2188
2021-07-14;1;20;114
2021-07-14;1;21;1767
2021-07-14;1;22;232
2021-07-15;0;0;1444
2021-07-15;0;1;61
2021-07-15;0;2;75
2021-07-15;0;3;129
2021-07-15;0;4;1
2021-07-15;0;5;76
2021-07-15;0;6;5
2021-07-15;0;7;10185
2021-07-15;0;8;1838
2021-07-15;0;9;525
2021-07-15;0;10;86
2021-07-15;1;11;1142
2021-07-15;1;12;57
2021-07-15;1;13;137
2021-07-15;1;14;518
2021-07-15;1;15;914
2021-07-15;1;16;63
2021-07-15;1;17;5715
2021-07-15;1;18;20737
2021-07-15;1;19;2221
2021-07-15;1;20;106
2021-07-15;1;21;1814
2021-07-15;1;22;230
2021-07-16;0;0;1444
2021-07-16;0;1;61
2021-07-16;0;2;75
2021-07-16;0;3;129
2021-07-16;0;4;1
2021-07-16;0;5;76
2021-07-16;0;6;5
2021-07-16;0;7;10185
2021-07-16;0;8;1838
2021-07-16;0;9;525
2021-07-16;0;10;86
2021-07-16;1;11;1142
2021-07-16;1;12;57
2021-07-16;1;13;137
2021-07-16;1;14;518
2021-07-16;1;15;914
2021-07-16;1;16;63
2021-07-16;1;17;5715
2021-07-16;1;18;20737
2021-07-16;1;19;2221
2021-07-16;1;20;106
2021-07-16;1;21;1814
2021-07-16;1;22;230
2021-07-17;0;0;1318
2021-07-17;0;1;56
2021-07-17;0;2;78
2021-07-17;0;3;136
2021-07-17;0;4;1
2021-07-17;0;5;79
2021-07-17;0;6;5
2021-07-17;0;7;9994
2021-07-17;0;8;1895
2021-07-17;0;9;534
2021-07-17;0;10;84
2021-07-17;1;11;1149
2021-07-17;1;12;56
2021-07-17;1;13;134
2021-07-17;1;14;518
2021-07-17;1;15;952
2021-07-17;1;16;65
2021-07-17;1;17;5813
2021-07-17;1;18;21254
2021-07-17;1;19;2223
2021-07-17;1;20;104
2021-07-17;1;21;1842
2021-07-17;1;22;241
2021-07-18;0;0;1318
2021-07-18;0;1;56
2021-07-18;0;2;78
2021-07-18;0;3;136
2021-07-18;0;4;1
2021-07-18;0;5;79
2021-07-18;0;6;5
2021-07-18;0;7;9994
2021-07-18;0;8;1895
2021-07-18;0;9;534
2021-07-18;0;10;84
2021-07-18;1;11;1149
2021-07-18;1;12;56
2021-07-18;1;13;134
2021-07-18;1;14;518
2021-07-18;1;15;952
2021-07-18;1;16;65
2021-07-18;1;17;5813
2021-07-18;1;18;21254
2021-07-18;1;19;2223
2021-07-18;1;20;104
2021-07-18;1;21;1842
2021-07-18;1;22;241
2021-07-19;0;0;1259
2021-07-19;0;1;55
2021-07-19;0;2;77
2021-07-19;0;3;138
2021-07-19;0;4;1
2021-07-19;0;5;76
2021-07-19;0;6;5
2021-07-19;0;7;9944
2021-07-19;0;8;1915
2021-07-19;0;9;537
2021-07-19;0;10;89
2021-07-19;1;11;1148
2021-07-19;1;12;51
2021-07-19;1;13;131
2021-07-19;1;14;517
2021-07-19;1;15;933
2021-07-19;1;16;63
2021-07-19;1;17;5795
2021-07-19;1;18;21219
2021-07-19;1;19;2240
2021-07-19;1;20;110
2021-07-19;1;21;1836
2021-07-19;1;22;227
2021-07-20;0;0;1130
2021-07-20;0;1;56
2021-07-20;0;2;76
2021-07-20;0;3;139
2021-07-20;0;4;1
2021-07-20;0;5;73
2021-07-20;0;6;5
2021-07-20;0;7;9742
2021-07-20;0;8;1917
2021-07-20;0;9;551
2021-07-20;0;10;93
2021-07-20;1;11;1141
2021-07-20;1;12;51
2021-07-20;1;13;124
2021-07-20;1;14;511
2021-07-20;1;15;912
2021-07-20;1;16;64
2021-07-20;1;17;5754
2021-07-20;1;18;21314
2021-07-20;1;19;2247
2021-07-20;1;20;108
2021-07-20;1;21;1850
2021-07-20;1;22;231
2021-07-21;0;0;1130
2021-07-21;0;1;56
2021-07-21;0;2;76
2021-07-21;0;3;139
2021-07-21;0;4;1
2021-07-21;0;5;73
2021-07-21;0;6;5
2021-07-21;0;7;9742
2021-07-21;0;8;1917
2021-07-21;0;9;551
2021-07-21;0;10;93
2021-07-21;1;11;1141
2021-07-21;1;12;51
2021-07-21;1;13;124
2021-07-21;1;14;511
2021-07-21;1;15;912
2021-07-21;1;16;64
2021-07-21;1;17;5754
2021-07-21;1;18;21314
2021-07-21;1;19;2247
2021-07-21;1;20;108
2021-07-21;1;21;1850
2021-07-21;1;22;231
2021-07-22;0;0;1066
2021-07-22;0;1;55
2021-07-22;0;2;80
2021-07-22;0;3;132
2021-07-22;0;4;1
2021-07-22;0;5;74
2021-07-22;0;6;6
2021-07-22;0;7;10090
2021-07-22;0;8;2742
2021-07-22;0;9;854
2021-07-22;0;10;497
2021-07-22;1;11;1132
2021-07-22;1;12;55
2021-07-22;1;13;132
2021-07-22;1;14;478
2021-07-22;1;15;898
2021-07-22;1;16;62
2021-07-22;1;17;6375
2021-07-22;1;18;22257
2021-07-22;1;19;2263
2021-07-22;1;20;347
2021-07-22;1;21;2130
2021-07-22;1;22;231
2021-07-23;0;0;1031
2021-07-23;0;1;58
2021-07-23;0;2;81
2021-07-23;0;3;128
2021-07-23;0;4;1
2021-07-23;0;5;76
2021-07-23;0;6;6
2021-07-23;0;7;10103
2021-07-23;0;8;2782
2021-07-23;0;9;877
2021-07-23;0;10;495
2021-07-23;1;11;1151
2021-07-23;1;12;55
2021-07-23;1;13;140
2021-07-23;1;14;458
2021-07-23;1;15;897
2021-07-23;1;16;65
2021-07-23;1;17;6502
2021-07-23;1;18;22559
2021-07-23;1;19;2267
2021-07-23;1;20;351
2021-07-23;1;21;2168
2021-07-23;1;22;231
2021-07-24;0;0;1031
2021-07-24;0;1;58
2021-07-24;0;2;81
2021-07-24;0;3;128
2021-07-24;0;4;1
2021-07-24;0;5;76
2021-07-24;0;6;6
2021-07-24;0;7;10103
2021-07-24;0;8;2782
2021-07-24;0;9;877
2021-07-24;0;10;495
2021-07-24;1;11;1151
2021-07-24;1;12;55
2021-07-24;1;13;140
2021-07-24;1;14;458
2021-07-24;1;15;897
2021-07-24;1;16;65
2021-07-24;1;17;6502
2021-07-24;1;18;22559
2021-07-24;1;19;2267
2021-07-24;1;20;351
2021-07-24;1;21;2168
2021-07-24;1;22;231
2021-07-25;0;0;948
2021-07-25;0;1;57
2021-07-25;0;2;76
2021-07-25;0;3;127
2021-07-25;0;4;0
2021-07-25;0;5;76
2021-07-25;0;6;9
2021-07-25;0;7;10176
2021-07-25;0;8;2907
2021-07-25;0;9;910
2021-07-25;0;10;498
2021-07-25;1;11;1112
2021-07-25;1;12;52
2021-07-25;1;13;141
2021-07-25;1;14;422
2021-07-25;1;15;892
2021-07-25;1;16;62
2021-07-25;1;17;6580
2021-07-25;1;18;22922
2021-07-25;1;19;2323
2021-07-25;1;20;360
2021-07-25;1;21;2217
2021-07-25;1;22;231
2021-07-26;1;15;892
2021-07-26;1;16;62
2021-07-26;1;14;400
2021-07-26;0;0;919
2021-07-26;0;1;59
2021-07-26;0;2;75
2021-07-26;0;3;125
2021-07-26;0;4;0
2021-07-26;0;5;70
2021-07-26;0;6;9
2021-07-26;0;7;10146
2021-07-26;0;8;2918
2021-07-26;0;9;902
2021-07-26;0;10;498
2021-07-26;1;11;1108
2021-07-26;1;12;52
2021-07-26;1;13;133
2021-07-26;1;17;6647
2021-07-26;1;18;23092
2021-07-26;1;19;2304
2021-07-26;1;20;359
2021-07-26;1;21;2244
2021-07-26;1;22;234
2021-07-27;0;0;897
2021-07-27;0;1;58
2021-07-27;0;2;74
2021-07-27;0;3;119
2021-07-27;0;4;0
2021-07-27;0;5;69
2021-07-27;0;6;9
2021-07-27;0;7;10073
2021-07-27;0;8;2923
2021-07-27;0;9;916
2021-07-27;0;10;497
2021-07-27;1;11;1101
2021-07-27;1;12;56
2021-07-27;1;13;135
2021-07-27;1;14;391
2021-07-27;1;15;863
2021-07-27;1;16;64
2021-07-27;1;17;6629
2021-07-27;1;18;23066
2021-07-27;1;19;2214
2021-07-27;1;20;360
2021-07-27;1;21;2238
2021-07-27;1;22;237
2021-07-28;0;8;2923
2021-07-28;0;9;916
2021-07-28;0;10;497
2021-07-28;0;0;897
2021-07-28;0;1;58
2021-07-28;0;2;74
2021-07-28;0;3;119
2021-07-28;0;4;0
2021-07-28;0;5;69
2021-07-28;0;6;9
2021-07-28;0;7;10073
2021-07-28;1;11;1101
2021-07-28;1;12;56
2021-07-28;1;13;135
2021-07-28;1;14;391
2021-07-28;1;15;863
2021-07-28;1;16;64
2021-07-28;1;17;6629
2021-07-28;1;18;23066
2021-07-28;1;19;2214
2021-07-28;1;20;360
2021-07-28;1;21;2238
2021-07-28;1;22;237
2021-07-29;0;0;878
2021-07-29;0;1;62
2021-07-29;0;2;74
2021-07-29;0;3;118
2021-07-29;0;4;0
2021-07-29;0;5;70
2021-07-29;0;6;9
2021-07-29;0;7;10103
2021-07-29;0;8;2939
2021-07-29;0;9;915
2021-07-29;0;10;495
2021-07-29;1;11;1114
2021-07-29;1;12;55
2021-07-29;1;13;138
2021-07-29;1;14;385
2021-07-29;1;15;861
2021-07-29;1;16;63
2021-07-29;1;17;6604
2021-07-29;1;18;23009
2021-07-29;1;19;2178
2021-07-29;1;20;359
2021-07-29;1;21;2218
2021-07-29;1;22;236
2021-07-30;0;0;870
2021-07-30;0;1;64
2021-07-30;0;2;71
2021-07-30;0;3;120
2021-07-30;0;4;0
2021-07-30;0;5;71
2021-07-30;0;6;8
2021-07-30;0;7;10130
2021-07-30;0;8;2958
2021-07-30;0;9;907
2021-07-30;0;10;492
2021-07-30;1;11;1126
2021-07-30;1;12;54
2021-07-30;1;13;139
2021-07-30;1;14;378
2021-07-30;1;15;869
2021-07-30;1;16;64
2021-07-30;1;17;6680
2021-07-30;1;18;23237
2021-07-30;1;19;2205
2021-07-30;1;20;354
2021-07-30;1;21;2242
2021-07-30;1;22;236
2021-07-31;0;0;861
2021-07-31;0;1;66
2021-07-31;0;2;75
2021-07-31;0;3;115
2021-07-31;0;4;0
2021-07-31;0;5;75
2021-07-31;0;6;8
2021-07-31;0;7;10166
2021-07-31;0;8;2932
2021-07-31;0;9;904
2021-07-31;0;10;493
2021-07-31;1;11;1145
2021-07-31;1;12;53
2021-07-31;1;13;147
2021-07-31;1;14;367
2021-07-31;1;15;877
2021-07-31;1;16;64
2021-07-31;1;17;6642
2021-07-31;1;18;23407
2021-07-31;1;19;2180
2021-07-31;1;20;351
2021-07-31;1;21;2232
2021-07-31;1;22;234
2021-08-01;0;0;865
2021-08-01;0;1;72
2021-08-01;0;2;75
2021-08-01;0;3;116
2021-08-01;0;4;0
2021-08-01;0;5;75
2021-08-01;0;6;7
2021-08-01;0;7;10174
2021-08-01;0;8;2985
2021-08-01;0;9;895
2021-08-01;0;10;500
2021-08-01;1;11;1136
2021-08-01;1;12;55
2021-08-01;1;13;142
2021-08-01;1;14;360
2021-08-01;1;15;854
2021-08-01;1;16;63
2021-08-01;1;17;6581
2021-08-01;1;18;23452
2021-08-01;1;19;2139
2021-08-01;1;20;347
2021-08-01;1;21;2258
2021-08-01;1;22;230
2021-08-02;1;14;357
2021-08-02;1;15;846
2021-08-02;1;16;60
2021-08-02;0;0;832
2021-08-02;0;1;68
2021-08-02;0;2;78
2021-08-02;0;3;111
2021-08-02;0;4;0
2021-08-02;0;5;73
2021-08-02;0;6;7
2021-08-02;1;17;6576
2021-08-02;0;7;10130
2021-08-02;0;8;3011
2021-08-02;0;9;906
2021-08-02;0;10;498
2021-08-02;1;11;1135
2021-08-02;1;12;57
2021-08-02;1;13;134
2021-08-02;1;18;23683
2021-08-02;1;19;2190
2021-08-02;1;20;350
2021-08-02;1;21;2295
2021-08-02;1;22;230
2021-08-03;0;0;832
2021-08-03;0;1;68
2021-08-03;0;2;78
2021-08-03;0;3;111
2021-08-03;0;4;0
2021-08-03;0;5;73
2021-08-03;0;6;7
2021-08-03;0;7;10130
2021-08-03;0;8;3011
2021-08-03;0;9;906
2021-08-03;0;10;498
2021-08-03;1;11;1135
2021-08-03;1;12;57
2021-08-03;1;13;134
2021-08-03;1;14;357
2021-08-03;1;15;846
2021-08-03;1;16;60
2021-08-03;1;17;6576
2021-08-03;1;18;23683
2021-08-03;1;19;2190
2021-08-03;1;20;350
2021-08-03;1;21;2295
2021-08-03;1;22;230
2021-08-04;1;20;350
2021-08-04;0;0;812
2021-08-04;0;1;65
2021-08-04;0;2;76
2021-08-04;0;3;110
2021-08-04;0;4;1
2021-08-04;0;5;71
2021-08-04;0;6;8
2021-08-04;0;7;10105
2021-08-04;0;8;3010
2021-08-04;0;9;925
2021-08-04;0;10;497
2021-08-04;1;11;1113
2021-08-04;1;12;57
2021-08-04;1;13;132
2021-08-04;1;14;355
2021-08-04;1;15;829
2021-08-04;1;16;60
2021-08-04;1;17;6632
2021-08-04;1;18;23848
2021-08-04;1;19;2193
2021-08-04;1;21;2304
2021-08-04;1;22;238
2021-08-05;0;0;809
2021-08-05;0;1;63
2021-08-05;0;2;76
2021-08-05;0;3;106
2021-08-05;0;4;1
2021-08-05;0;5;66
2021-08-05;0;6;8
2021-08-05;0;7;10072
2021-08-05;0;8;3065
2021-08-05;0;9;917
2021-08-05;0;10;495
2021-08-05;1;11;1113
2021-08-05;1;12;57
2021-08-05;1;13;132
2021-08-05;1;14;355
2021-08-05;1;15;829
2021-08-05;1;16;60
2021-08-05;1;17;6632
2021-08-05;1;18;23848
2021-08-05;1;19;2193
2021-08-05;1;20;350
2021-08-05;1;21;2304
2021-08-05;1;22;238
2021-08-06;0;0;809
2021-08-06;0;1;63
2021-08-06;0;2;76
2021-08-06;0;3;106
2021-08-06;0;4;1
2021-08-06;0;5;66
2021-08-06;0;6;8
2021-08-06;0;7;10072
2021-08-06;0;8;3065
2021-08-06;0;9;917
2021-08-06;0;10;495
2021-08-06;1;11;1113
2021-08-06;1;12;57
2021-08-06;1;13;132
2021-08-06;1;14;355
2021-08-06;1;15;829
2021-08-06;1;16;60
2021-08-06;1;17;6632
2021-08-06;1;18;23848
2021-08-06;1;19;2193
2021-08-06;1;20;350
2021-08-06;1;21;2304
2021-08-06;1;22;238
2021-08-07;1;14;354
2021-08-07;0;0;796
2021-08-07;0;1;62
2021-08-07;0;2;77
2021-08-07;0;3;108
2021-08-07;0;4;1
2021-08-07;0;5;69
2021-08-07;0;6;9
2021-08-07;1;15;853
2021-08-07;1;16;59
2021-08-07;1;17;6690
2021-08-07;0;7;10128
2021-08-07;0;8;3128
2021-08-07;0;9;915
2021-08-07;0;10;493
2021-08-07;1;11;1149
2021-08-07;1;12;61
2021-08-07;1;13;124
2021-08-07;1;18;24100
2021-08-07;1;19;2246
2021-08-07;1;20;350
2021-08-07;1;21;2339
2021-08-07;1;22;242
2021-08-08;0;0;796
2021-08-08;0;1;62
2021-08-08;0;2;77
2021-08-08;0;3;108
2021-08-08;0;4;1
2021-08-08;0;5;69
2021-08-08;0;6;9
2021-08-08;0;7;10128
2021-08-08;0;8;3128
2021-08-08;0;9;915
2021-08-08;0;10;493
2021-08-08;1;11;1149
2021-08-08;1;12;61
2021-08-08;1;13;124
2021-08-08;1;14;354
2021-08-08;1;15;853
2021-08-08;1;16;59
2021-08-08;1;17;6690
2021-08-08;1;18;24100
2021-08-08;1;19;2246
2021-08-08;1;20;350
2021-08-08;1;21;2339
2021-08-08;1;22;242
2021-08-09;0;0;781
2021-08-09;0;1;67
2021-08-09;0;2;79
2021-08-09;0;3;103
2021-08-09;0;4;4
2021-08-09;0;5;62
2021-08-09;0;6;8
2021-08-09;0;7;9978
2021-08-09;0;8;3171
2021-08-09;0;9;936
2021-08-09;0;10;498
2021-08-09;1;11;1159
2021-08-09;1;12;55
2021-08-09;1;13;123
2021-08-09;1;14;354
2021-08-09;1;15;861
2021-08-09;1;16;53
2021-08-09;1;17;6513
2021-08-09;1;18;24074
2021-08-09;0;23;842
2021-08-09;1;19;2251
2021-08-09;1;20;368
2021-08-09;1;21;2360
2021-08-09;1;22;233
2021-08-09;0;24;181
2021-08-09;0;25;29
2021-08-09;0;26;554
2021-08-09;0;27;101
2021-08-09;0;28;172
2021-08-09;1;29;1617
2021-08-09;1;30;189
2021-08-09;1;31;86
2021-08-09;1;32;28
2021-08-09;1;33;224
2021-08-09;1;34;32
2021-08-09;1;35;175
2021-08-09;1;36;1643
2021-08-09;1;37;119
2021-08-09;1;38;38
2021-08-09;1;39;921
2021-08-09;1;40;130
2021-08-09;1;41;135
2021-08-09;1;42;891
2021-08-09;1;43;64
2021-08-09;1;44;66
2021-08-09;1;45;976
2021-08-09;1;46;67
2021-08-10;0;0;778
2021-08-10;0;1;65
2021-08-10;0;2;79
2021-08-10;0;3;102
2021-08-10;0;4;4
2021-08-10;0;5;62
2021-08-10;0;6;8
2021-08-10;0;7;9968
2021-08-10;0;8;3187
2021-08-10;0;9;962
2021-08-10;0;10;497
2021-08-10;0;23;840
2021-08-10;0;24;175
2021-08-10;0;25;29
2021-08-10;0;26;548
2021-08-10;0;27;99
2021-08-10;0;28;165
2021-08-10;1;11;1149
2021-08-10;1;12;57
2021-08-10;1;13;127
2021-08-10;1;14;349
2021-08-10;1;15;839
2021-08-10;1;16;51
2021-08-10;1;17;6502
2021-08-10;1;18;24108
2021-08-10;1;19;2242
2021-08-10;1;20;370
2021-08-10;1;21;2364
2021-08-10;1;22;242
2021-08-10;1;29;1601
2021-08-10;1;30;179
2021-08-10;1;31;82
2021-08-10;1;32;28
2021-08-10;1;33;236
2021-08-10;1;34;30
2021-08-10;1;35;168
2021-08-10;1;36;1649
2021-08-10;1;37;115
2021-08-10;1;38;39
2021-08-10;1;39;917
2021-08-10;1;40;127
2021-08-10;1;41;137
2021-08-10;1;42;892
2021-08-10;1;43;64
2021-08-10;1;44;69
2021-08-10;1;45;970
2021-08-10;1;46;63
2021-08-11;0;0;757
2021-08-11;0;1;64
2021-08-11;0;2;79
2021-08-11;0;3;104
2021-08-11;0;4;4
2021-08-11;0;5;63
2021-08-11;0;6;8
2021-08-11;0;7;9922
2021-08-11;0;8;3201
2021-08-11;0;9;975
2021-08-11;0;10;499
2021-08-11;0;23;829
2021-08-11;0;24;171
2021-08-11;0;25;29
2021-08-11;0;26;544
2021-08-11;0;27;100
2021-08-11;0;28;164
2021-08-11;1;11;1126
2021-08-11;1;12;57
2021-08-11;1;13;128
2021-08-11;1;14;347
2021-08-11;1;15;835
2021-08-11;1;16;51
2021-08-11;1;17;6428
2021-08-11;1;18;24095
2021-08-11;1;19;2231
2021-08-11;1;20;370
2021-08-11;1;21;2367
2021-08-11;1;22;249
2021-08-11;1;29;1584
2021-08-11;1;30;175
2021-08-11;1;31;81
2021-08-11;1;32;28
2021-08-11;1;33;230
2021-08-11;1;34;27
2021-08-11;1;35;166
2021-08-11;1;36;1651
2021-08-11;1;37;115
2021-08-11;1;38;40
2021-08-11;1;39;903
2021-08-11;1;40;123
2021-08-11;1;41;124
2021-08-11;1;42;877
2021-08-11;1;43;61
2021-08-11;1;44;66
2021-08-11;1;45;956
2021-08-11;1;46;60
2021-08-12;0;0;748
2021-08-12;0;1;63
2021-08-12;0;2;82
2021-08-12;0;3;104
2021-08-12;0;4;4
2021-08-12;0;5;60
2021-08-12;0;6;8
2021-08-12;0;7;9941
2021-08-12;0;8;3209
2021-08-12;0;9;983
2021-08-12;0;10;500
2021-08-12;0;23;830
2021-08-12;0;24;168
2021-08-12;0;25;29
2021-08-12;0;26;563
2021-08-12;0;27;105
2021-08-12;0;28;167
2021-08-12;1;11;1117
2021-08-12;1;12;57
2021-08-12;1;13;125
2021-08-12;1;14;337
2021-08-12;1;15;822
2021-08-12;1;16;47
2021-08-12;1;17;6393
2021-08-12;1;18;24170
2021-08-12;1;19;2212
2021-08-12;1;20;367
2021-08-12;1;21;2326
2021-08-12;1;22;243
2021-08-12;1;29;1563
2021-08-12;1;30;165
2021-08-12;1;31;79
2021-08-12;1;32;27
2021-08-12;1;33;226
2021-08-12;1;34;25
2021-08-12;1;35;166
2021-08-12;1;36;1652
2021-08-12;1;37;117
2021-08-12;1;38;39
2021-08-12;1;39;904
2021-08-12;1;40;103
2021-08-12;1;41;109
2021-08-12;1;42;880
2021-08-12;1;43;61
2021-08-12;1;44;64
2021-08-12;1;45;957
2021-08-12;1;46;57
2021-08-13;0;0;750
2021-08-13;0;1;62
2021-08-13;0;2;82
2021-08-13;0;3;105
2021-08-13;0;4;4
2021-08-13;0;5;61
2021-08-13;0;6;8
2021-08-13;0;7;10006
2021-08-13;0;8;3203
2021-08-13;0;9;981
2021-08-13;0;10;498
2021-08-13;0;23;847
2021-08-13;0;24;170
2021-08-13;0;25;30
2021-08-13;0;26;577
2021-08-13;0;27;107
2021-08-13;0;28;171
2021-08-13;1;11;1118
2021-08-13;1;12;55
2021-08-13;1;13;119
2021-08-13;1;14;329
2021-08-13;1;15;832
2021-08-13;1;16;48
2021-08-13;1;17;6449
2021-08-13;1;18;24386
2021-08-13;1;19;2217
2021-08-13;1;20;372
2021-08-13;1;21;2346
2021-08-13;1;22;250
2021-08-13;1;29;1581
2021-08-13;1;30;174
2021-08-13;1;31;78
2021-08-13;1;32;25
2021-08-13;1;33;232
2021-08-13;1;34;27
2021-08-13;1;35;171
2021-08-13;1;36;1671
2021-08-13;1;37;116
2021-08-13;1;38;35
2021-08-13;1;39;919
2021-08-13;1;40;105
2021-08-13;1;41;112
2021-08-13;1;42;888
2021-08-13;1;43;65
2021-08-13;1;44;63
2021-08-13;1;45;981
2021-08-13;1;46;60
2021-08-14;0;0;747
2021-08-14;0;1;61
2021-08-14;0;2;85
2021-08-14;0;3;107
2021-08-14;0;4;4
2021-08-14;0;5;59
2021-08-14;0;6;8
2021-08-14;0;7;10067
2021-08-14;0;8;3223
2021-08-14;0;9;992
2021-08-14;0;10;500
2021-08-14;0;23;867
2021-08-14;0;24;174
2021-08-14;0;25;36
2021-08-14;0;26;596
2021-08-14;0;27;110
2021-08-14;0;28;182
2021-08-14;1;11;1125
2021-08-14;1;12;61
2021-08-14;1;13;127
2021-08-14;1;14;331
2021-08-14;1;15;833
2021-08-14;1;16;51
2021-08-14;1;17;6496
2021-08-14;1;18;24513
2021-08-14;1;19;2195
2021-08-14;1;20;378
2021-08-14;1;21;2359
2021-08-14;1;22;241
2021-08-14;1;29;1594
2021-08-14;1;30;178
2021-08-14;1;31;85
2021-08-14;1;32;29
2021-08-14;1;33;237
2021-08-14;1;34;27
2021-08-14;1;35;170
2021-08-14;1;36;1688
2021-08-14;1;37;127
2021-08-14;1;38;36
2021-08-14;1;39;931
2021-08-14;1;40;106
2021-08-14;1;41;116
2021-08-14;1;42;897
2021-08-14;1;43;63
2021-08-14;1;44;68
2021-08-14;1;45;985
2021-08-14;1;46;60
2021-08-15;0;0;734
2021-08-15;0;1;62
2021-08-15;0;2;80
2021-08-15;0;3;103
2021-08-15;0;4;5
2021-08-15;0;5;58
2021-08-15;0;6;8
2021-08-15;0;7;10082
2021-08-15;0;8;3234
2021-08-15;0;9;983
2021-08-15;0;10;499
2021-08-15;0;23;871
2021-08-15;0;24;167
2021-08-15;0;25;40
2021-08-15;0;26;600
2021-08-15;0;27;114
2021-08-15;0;28;183
2021-08-15;1;11;1116
2021-08-15;1;12;63
2021-08-15;1;13;132
2021-08-15;1;14;330
2021-08-15;1;15;830
2021-08-15;1;16;50
2021-08-15;1;17;6522
2021-08-15;1;18;24453
2021-08-15;1;19;2158
2021-08-15;1;20;386
2021-08-15;1;21;2321
2021-08-15;1;22;236
2021-08-15;1;29;1591
2021-08-15;1;30;180
2021-08-15;1;31;95
2021-08-15;1;32;36
2021-08-15;1;33;239
2021-08-15;1;34;26
2021-08-15;1;35;177
2021-08-15;1;36;1687
2021-08-15;1;37;124
2021-08-15;1;38;32
2021-08-15;1;39;917
2021-08-15;1;40;109
2021-08-15;1;41;119
2021-08-15;1;42;912
2021-08-15;1;43;64
2021-08-15;1;44;63
2021-08-15;1;45;970
2021-08-15;1;46;61
2021-08-16;0;0;718
2021-08-16;0;1;67
2021-08-16;0;2;74
2021-08-16;0;3;95
2021-08-16;0;4;6
2021-08-16;0;5;56
2021-08-16;0;6;9
2021-08-16;0;7;10067
2021-08-16;0;8;3250
2021-08-16;0;9;970
2021-08-16;0;10;494
2021-08-16;0;23;880
2021-08-16;0;24;174
2021-08-16;0;25;36
2021-08-16;0;26;600
2021-08-16;0;27;115
2021-08-16;0;28;182
2021-08-16;1;16;51
2021-08-16;1;11;1118
2021-08-16;1;12;69
2021-08-16;1;13;133
2021-08-16;1;14;336
2021-08-16;1;15;827
2021-08-16;1;17;6416
2021-08-16;1;18;24307
2021-08-16;1;19;2165
2021-08-16;1;20;392
2021-08-16;1;21;2318
2021-08-16;1;22;243
2021-08-16;1;29;1581
2021-08-16;1;30;169
2021-08-16;1;31;92
2021-08-16;1;32;34
2021-08-16;1;33;235
2021-08-16;1;34;26
2021-08-16;1;35;178
2021-08-16;1;36;1676
2021-08-16;1;37;125
2021-08-16;1;38;32
2021-08-16;1;39;902
2021-08-16;1;40;114
2021-08-16;1;41;121
2021-08-16;1;42;923
2021-08-16;1;43;65
2021-08-16;1;44;67
2021-08-16;1;45;971
2021-08-16;1;46;58
2021-08-17;0;0;708
2021-08-17;0;1;67
2021-08-17;0;2;75
2021-08-17;0;3;93
2021-08-17;0;4;6
2021-08-17;0;5;55
2021-08-17;0;6;9
2021-08-17;0;7;10153
2021-08-17;0;8;3238
2021-08-17;0;9;966
2021-08-17;0;10;496
2021-08-17;0;23;899
2021-08-17;0;24;177
2021-08-17;0;25;35
2021-08-17;0;26;606
2021-08-17;0;27;117
2021-08-17;0;28;181
2021-08-17;1;30;173
2021-08-17;1;11;1111
2021-08-17;1;12;67
2021-08-17;1;13;131
2021-08-17;1;14;340
2021-08-17;1;15;820
2021-08-17;1;16;50
2021-08-17;1;17;6369
2021-08-17;1;18;24177
2021-08-17;1;19;2174
2021-08-17;1;20;398
2021-08-17;1;21;2314
2021-08-17;1;22;235
2021-08-17;1;29;1568
2021-08-17;1;31;92
2021-08-17;1;32;36
2021-08-17;1;33;240
2021-08-17;1;34;25
2021-08-17;1;35;181
2021-08-17;1;36;1663
2021-08-17;1;37;120
2021-08-17;1;38;32
2021-08-17;1;39;911
2021-08-17;1;40;111
2021-08-17;1;41;117
2021-08-17;1;42;947
2021-08-17;1;43;67
2021-08-17;1;44;69
2021-08-17;1;45;966
2021-08-17;1;46;55
2021-08-18;0;0;704
2021-08-18;0;1;63
2021-08-18;0;2;77
2021-08-18;0;3;89
2021-08-18;0;4;7
2021-08-18;0;5;54
2021-08-18;0;6;9
2021-08-18;0;7;10142
2021-08-18;0;8;3226
2021-08-18;0;9;960
2021-08-18;0;10;490
2021-08-18;0;23;884
2021-08-18;0;24;181
2021-08-18;0;25;36
2021-08-18;0;26;605
2021-08-18;0;27;120
2021-08-18;0;28;176
2021-08-18;1;11;1101
2021-08-18;1;12;72
2021-08-18;1;13;130
2021-08-18;1;14;346
2021-08-18;1;15;818
2021-08-18;1;16;46
2021-08-18;1;17;6363
2021-08-18;1;18;24204
2021-08-18;1;19;2155
2021-08-18;1;20;395
2021-08-18;1;21;2325
2021-08-18;1;22;241
2021-08-18;1;29;1568
2021-08-18;1;30;171
2021-08-18;1;31;91
2021-08-18;1;32;36
2021-08-18;1;33;239
2021-08-18;1;34;26
2021-08-18;1;35;184
2021-08-18;1;36;1664
2021-08-18;1;37;120
2021-08-18;1;38;39
2021-08-18;1;39;905
2021-08-18;1;40;114
2021-08-18;1;41;111
2021-08-18;1;42;951
2021-08-18;1;43;67
2021-08-18;1;44;69
2021-08-18;1;45;967
2021-08-18;1;46;51
2021-08-19;0;0;692
2021-08-19;0;1;63
2021-08-19;0;2;75
2021-08-19;0;3;90
2021-08-19;0;4;7
2021-08-19;0;5;48
2021-08-19;0;6;9
2021-08-19;0;7;10145
2021-08-19;0;8;3238
2021-08-19;0;9;967
2021-08-19;0;10;485
2021-08-19;0;23;896
2021-08-19;0;24;182
2021-08-19;0;25;32
2021-08-19;0;26;593
2021-08-19;0;27;121
2021-08-19;0;28;169
2021-08-19;1;11;1071
2021-08-19;1;12;68
2021-08-19;1;13;129
2021-08-19;1;14;349
2021-08-19;1;15;800
2021-08-19;1;16;41
2021-08-19;1;17;6423
2021-08-19;1;18;24329
2021-08-19;1;19;2136
2021-08-19;1;20;396
2021-08-19;1;21;2352
2021-08-19;1;22;240
2021-08-19;1;29;1575
2021-08-19;1;30;165
2021-08-19;1;31;96
2021-08-19;1;32;37
2021-08-19;1;33;244
2021-08-19;1;34;26
2021-08-19;1;35;172
2021-08-19;1;36;1632
2021-08-19;1;37;129
2021-08-19;1;38;39
2021-08-19;1;39;904
2021-08-19;1;40;113
2021-08-19;1;41;112
2021-08-19;1;42;935
2021-08-19;1;43;71
2021-08-19;1;44;70
2021-08-19;1;45;949
2021-08-19;1;46;48
2021-08-20;0;0;692
2021-08-20;0;1;63
2021-08-20;0;2;75
2021-08-20;0;3;90
2021-08-20;0;4;7
2021-08-20;0;5;48
2021-08-20;0;6;9
2021-08-20;0;7;10145
2021-08-20;0;8;3238
2021-08-20;0;9;967
2021-08-20;0;10;485
2021-08-20;0;23;896
2021-08-20;0;24;182
2021-08-20;0;25;32
2021-08-20;0;26;593
2021-08-20;0;27;121
2021-08-20;0;28;169
2021-08-20;1;11;1071
2021-08-20;1;12;68
2021-08-20;1;13;129
2021-08-20;1;14;349
2021-08-20;1;15;800
2021-08-20;1;16;41
2021-08-20;1;17;6423
2021-08-20;1;18;24329
2021-08-20;1;19;2136
2021-08-20;1;20;396
2021-08-20;1;21;2352
2021-08-20;1;22;240
2021-08-20;1;29;1575
2021-08-20;1;30;165
2021-08-20;1;31;96
2021-08-20;1;32;37
2021-08-20;1;33;244
2021-08-20;1;34;26
2021-08-20;1;35;172
2021-08-20;1;36;1632
2021-08-20;1;37;129
2021-08-20;1;38;39
2021-08-20;1;39;904
2021-08-20;1;40;113
2021-08-20;1;41;112
2021-08-20;1;42;935
2021-08-20;1;43;71
2021-08-20;1;44;70
2021-08-20;1;45;949
2021-08-20;1;46;48
2021-08-21;0;0;692
2021-08-21;0;1;63
2021-08-21;0;2;75
2021-08-21;0;3;90
2021-08-21;0;4;7
2021-08-21;0;5;48
2021-08-21;0;6;9
2021-08-21;0;7;10145
2021-08-21;0;8;3238
2021-08-21;0;9;967
2021-08-21;0;10;485
2021-08-21;0;23;896
2021-08-21;0;24;182
2021-08-21;0;25;32
2021-08-21;0;26;593
2021-08-21;0;27;121
2021-08-21;0;28;169
2021-08-21;1;11;1071
2021-08-21;1;12;68
2021-08-21;1;13;129
2021-08-21;1;14;349
2021-08-21;1;15;800
2021-08-21;1;16;41
2021-08-21;1;17;6423
2021-08-21;1;18;24329
2021-08-21;1;19;2136
2021-08-21;1;20;396
2021-08-21;1;21;2352
2021-08-21;1;22;240
2021-08-21;1;29;1575
2021-08-21;1;30;165
2021-08-21;1;31;96
2021-08-21;1;32;37
2021-08-21;1;33;244
2021-08-21;1;34;26
2021-08-21;1;35;172
2021-08-21;1;36;1632
2021-08-21;1;37;129
2021-08-21;1;38;39
2021-08-21;1;39;904
2021-08-21;1;40;113
2021-08-21;1;41;112
2021-08-21;1;42;935
2021-08-21;1;43;71
2021-08-21;1;44;70
2021-08-21;1;45;949
2021-08-21;1;46;48
2021-08-22;0;25;31
2021-08-22;0;26;605
2021-08-22;0;0;684
2021-08-22;0;1;65
2021-08-22;0;2;75
2021-08-22;0;3;86
2021-08-22;0;4;7
2021-08-22;0;5;49
2021-08-22;0;6;9
2021-08-22;0;7;10255
2021-08-22;0;8;3281
2021-08-22;0;9;973
2021-08-22;0;10;484
2021-08-22;0;23;923
2021-08-22;0;24;187
2021-08-22;0;27;124
2021-08-22;0;28;168
2021-08-22;1;11;1096
2021-08-22;1;12;69
2021-08-22;1;13;129
2021-08-22;1;14;353
2021-08-22;1;15;809
2021-08-22;1;16;41
2021-08-22;1;17;6455
2021-08-22;1;18;24292
2021-08-22;1;19;2110
2021-08-22;1;20;398
2021-08-22;1;21;2345
2021-08-22;1;22;241
2021-08-22;1;29;1605
2021-08-22;1;30;166
2021-08-22;1;31;98
2021-08-22;1;32;37
2021-08-22;1;33;259
2021-08-22;1;34;23
2021-08-22;1;35;170
2021-08-22;1;36;1646
2021-08-22;1;37;136
2021-08-22;1;38;41
2021-08-22;1;39;931
2021-08-22;1;40;114
2021-08-22;1;41;110
2021-08-22;1;42;958
2021-08-22;1;43;76
2021-08-22;1;44;69
2021-08-22;1;45;970
2021-08-22;1;46;48
2021-08-23;0;0;676
2021-08-23;0;1;68
2021-08-23;0;2;82
2021-08-23;0;3;153
2021-08-23;0;4;7
2021-08-23;0;5;48
2021-08-23;0;6;9
2021-08-23;0;7;9905
2021-08-23;0;8;2496
2021-08-23;0;9;699
2021-08-23;0;10;79
2021-08-23;0;23;928
2021-08-23;0;24;189
2021-08-23;0;25;32
2021-08-23;0;26;618
2021-08-23;0;27;125
2021-08-23;0;28;167
2021-08-23;1;11;1171
2021-08-23;1;12;77
2021-08-23;1;13;125
2021-08-23;1;14;364
2021-08-23;1;15;826
2021-08-23;1;16;47
2021-08-23;1;17;6032
2021-08-23;1;18;23866
2021-08-23;1;19;2057
2021-08-23;1;20;152
2021-08-23;1;21;2164
2021-08-23;1;22;241
2021-08-23;1;29;1669
2021-08-23;1;30;170
2021-08-23;1;31;103
2021-08-23;1;32;35
2021-08-23;1;33;268
2021-08-23;1;34;22
2021-08-23;1;35;168
2021-08-23;1;36;1664
2021-08-23;1;37;134
2021-08-23;1;38;48
2021-08-23;1;39;929
2021-08-23;1;40;116
2021-08-23;1;41;113
2021-08-23;1;42;994
2021-08-23;1;43;78
2021-08-23;1;44;66
2021-08-23;1;45;974
2021-08-23;1;46;46
2021-08-24;0;0;675
2021-08-24;0;1;67
2021-08-24;0;2;80
2021-08-24;0;3;170
2021-08-24;0;4;7
2021-08-24;0;5;48
2021-08-24;0;6;11
2021-08-24;0;7;9921
2021-08-24;0;8;2512
2021-08-24;0;9;686
2021-08-24;0;10;85
2021-08-24;0;23;934
2021-08-24;0;24;190
2021-08-24;0;25;32
2021-08-24;0;26;625
2021-08-24;0;27;124
2021-08-24;0;28;166
2021-08-24;1;11;1173
2021-08-24;1;12;76
2021-08-24;1;13;121
2021-08-24;1;14;367
2021-08-24;1;15;829
2021-08-24;1;16;43
2021-08-24;1;17;6124
2021-08-24;1;18;23923
2021-08-24;1;19;2030
2021-08-24;1;20;149
2021-08-24;1;21;2163
2021-08-24;1;22;231
2021-08-24;1;29;1675
2021-08-24;1;30;174
2021-08-24;1;31;106
2021-08-24;1;32;34
2021-08-24;1;33;268
2021-08-24;1;34;21
2021-08-24;1;35;171
2021-08-24;1;36;1676
2021-08-24;1;37;132
2021-08-24;1;38;51
2021-08-24;1;39;924
2021-08-24;1;40;114
2021-08-24;1;41;107
2021-08-24;1;42;1000
2021-08-24;1;43;77
2021-08-24;1;44;70
2021-08-24;1;45;961
2021-08-24;1;46;48
2021-08-25;0;0;668
2021-08-25;0;1;67
2021-08-25;0;2;82
2021-08-25;0;3;234
2021-08-25;0;4;7
2021-08-25;0;5;46
2021-08-25;0;6;9
2021-08-25;0;7;9851
2021-08-25;0;8;2398
2021-08-25;0;9;658
2021-08-25;0;10;77
2021-08-25;0;23;932
2021-08-25;0;24;197
2021-08-25;0;25;32
2021-08-25;0;26;623
2021-08-25;0;27;127
2021-08-25;0;28;161
2021-08-25;1;11;1231
2021-08-25;1;12;76
2021-08-25;1;13;121
2021-08-25;1;14;384
2021-08-25;1;15;817
2021-08-25;1;16;45
2021-08-25;1;17;6249
2021-08-25;1;18;23965
2021-08-25;1;19;1973
2021-08-25;1;20;145
2021-08-25;1;21;2157
2021-08-25;1;22;233
2021-08-25;1;29;1698
2021-08-25;1;30;183
2021-08-25;1;31;109
2021-08-25;1;32;34
2021-08-25;1;33;257
2021-08-25;1;34;23
2021-08-25;1;35;177
2021-08-25;1;36;1671
2021-08-25;1;37;124
2021-08-25;1;38;47
2021-08-25;1;39;896
2021-08-25;1;40;112
2021-08-25;1;41;109
2021-08-25;1;42;983
2021-08-25;1;43;72
2021-08-25;1;44;73
2021-08-25;1;45;944
2021-08-25;1;46;53
2021-08-26;0;0;688
2021-08-26;0;1;68
2021-08-26;0;2;76
2021-08-26;0;3;267
2021-08-26;0;4;7
2021-08-26;0;5;50
2021-08-26;0;6;10
2021-08-26;0;7;10032
2021-08-26;0;8;2420
2021-08-26;0;9;689
2021-08-26;0;10;87
2021-08-26;0;23;934
2021-08-26;0;24;202
2021-08-26;0;25;30
2021-08-26;0;26;630
2021-08-26;0;27;129
2021-08-26;0;28;160
2021-08-26;1;11;1230
2021-08-26;1;12;77
2021-08-26;1;13;124
2021-08-26;1;14;401
2021-08-26;1;15;813
2021-08-26;1;16;45
2021-08-26;1;17;6402
2021-08-26;1;18;24192
2021-08-26;1;19;1992
2021-08-26;1;20;149
2021-08-26;1;21;2152
2021-08-26;1;22;232
2021-08-26;1;29;1713
2021-08-26;1;30;183
2021-08-26;1;31;109
2021-08-26;1;32;33
2021-08-26;1;33;259
2021-08-26;1;34;21
2021-08-26;1;35;180
2021-08-26;1;36;1680
2021-08-26;1;37;125
2021-08-26;1;38;48
2021-08-26;1;39;916
2021-08-26;1;40;112
2021-08-26;1;41;113
2021-08-26;1;42;1003
2021-08-26;1;43;73
2021-08-26;1;44;78
2021-08-26;1;45;953
2021-08-26;1;46;52
2021-08-27;0;0;717
2021-08-27;0;1;74
2021-08-27;0;2;73
2021-08-27;0;3;307
2021-08-27;0;4;7
2021-08-27;0;5;55
2021-08-27;0;6;10
2021-08-27;0;7;10188
2021-08-27;0;8;2433
2021-08-27;0;9;684
2021-08-27;0;10;83
2021-08-27;0;23;930
2021-08-27;0;24;208
2021-08-27;0;25;30
2021-08-27;0;26;626
2021-08-27;0;27;129
2021-08-27;0;28;157
2021-08-27;1;11;1281
2021-08-27;1;12;76
2021-08-27;1;13;131
2021-08-27;1;14;415
2021-08-27;1;15;837
2021-08-27;1;16;43
2021-08-27;1;17;6536
2021-08-27;1;18;24477
2021-08-27;1;19;2019
2021-08-27;1;20;149
2021-08-27;1;21;2152
2021-08-27;1;22;236
2021-08-27;1;29;1740
2021-08-27;1;30;185
2021-08-27;1;31;108
2021-08-27;1;32;33
2021-08-27;1;33;268
2021-08-27;1;34;23
2021-08-27;1;35;186
2021-08-27;1;36;1706
2021-08-27;1;37;131
2021-08-27;1;38;56
2021-08-27;1;39;910
2021-08-27;1;40;110
2021-08-27;1;41;109
2021-08-27;1;42;1029
2021-08-27;1;43;82
2021-08-27;1;44;79
2021-08-27;1;45;948
2021-08-27;1;46;50
2021-08-28;0;0;739
2021-08-28;0;1;74
2021-08-28;0;2;73
2021-08-28;0;3;342
2021-08-28;0;4;8
2021-08-28;0;5;61
2021-08-28;0;6;10
2021-08-28;0;7;10222
2021-08-28;0;8;2446
2021-08-28;0;9;685
2021-08-28;0;10;81
2021-08-28;0;23;950
2021-08-28;0;24;210
2021-08-28;0;25;31
2021-08-28;0;26;640
2021-08-28;0;27;132
2021-08-28;0;28;162
2021-08-28;1;11;1296
2021-08-28;1;12;77
2021-08-28;1;13;133
2021-08-28;1;14;424
2021-08-28;1;15;839
2021-08-28;1;16;42
2021-08-28;1;17;6710
2021-08-28;1;18;24761
2021-08-28;1;19;2057
2021-08-28;1;20;161
2021-08-28;1;21;2185
2021-08-28;1;22;245
2021-08-28;1;29;1737
2021-08-28;1;30;190
2021-08-28;1;31;102
2021-08-28;1;32;33
2021-08-28;1;33;268
2021-08-28;1;34;26
2021-08-28;1;35;195
2021-08-28;1;36;1710
2021-08-28;1;37;125
2021-08-28;1;38;59
2021-08-28;1;39;918
2021-08-28;1;40;111
2021-08-28;1;41;109
2021-08-28;1;42;1055
2021-08-28;1;43;83
2021-08-28;1;44;84
2021-08-28;1;45;950
2021-08-28;1;46;50
2021-08-29;0;0;747
2021-08-29;0;1;73
2021-08-29;0;2;83
2021-08-29;0;3;370
2021-08-29;0;4;9
2021-08-29;0;5;66
2021-08-29;0;6;10
2021-08-29;0;7;10274
2021-08-29;0;8;2403
2021-08-29;0;9;699
2021-08-29;0;10;83
2021-08-29;0;23;935
2021-08-29;0;24;214
2021-08-29;0;25;36
2021-08-29;0;26;655
2021-08-29;0;27;130
2021-08-29;0;28;168
2021-08-29;1;11;1329
2021-08-29;1;12;79
2021-08-29;1;13;133
2021-08-29;1;14;434
2021-08-29;1;15;839
2021-08-29;1;16;42
2021-08-29;1;17;6835
2021-08-29;1;18;24942
2021-08-29;1;19;2055
2021-08-29;1;20;163
2021-08-29;1;21;2164
2021-08-29;1;22;248
2021-08-29;1;29;1747
2021-08-29;1;30;181
2021-08-29;1;31;98
2021-08-29;1;32;34
2021-08-29;1;33;264
2021-08-29;1;34;23
2021-08-29;1;35;195
2021-08-29;1;36;1712
2021-08-29;1;37;124
2021-08-29;1;38;60
2021-08-29;1;39;898
2021-08-29;1;40;107
2021-08-29;1;41;100
2021-08-29;1;42;1049
2021-08-29;1;43;83
2021-08-29;1;44;84
2021-08-29;1;45;957
2021-08-29;1;46;51
2021-08-30;0;0;752
2021-08-30;0;1;73
2021-08-30;0;2;85
2021-08-30;0;3;377
2021-08-30;0;4;10
2021-08-30;0;5;62
2021-08-30;0;6;10
2021-08-30;0;7;10385
2021-08-30;0;8;2420
2021-08-30;0;9;724
2021-08-30;0;10;92
2021-08-30;0;23;945
2021-08-30;0;24;218
2021-08-30;0;25;36
2021-08-30;0;26;647
2021-08-30;0;27;128
2021-08-30;0;28;172
2021-08-30;1;11;1320
2021-08-30;1;12;79
2021-08-30;1;13;130
2021-08-30;1;14;439
2021-08-30;1;15;841
2021-08-30;1;16;42
2021-08-30;1;17;6406
2021-08-30;1;18;24568
2021-08-30;1;19;2076
2021-08-30;1;20;171
2021-08-30;1;21;2204
2021-08-30;1;22;265
2021-08-30;1;29;1747
2021-08-30;1;30;181
2021-08-30;1;31;106
2021-08-30;1;32;34
2021-08-30;1;33;264
2021-08-30;1;34;24
2021-08-30;1;35;194
2021-08-30;1;36;1686
2021-08-30;1;37;134
2021-08-30;1;38;61
2021-08-30;1;39;900
2021-08-30;1;40;109
2021-08-30;1;41;100
2021-08-30;1;42;1069
2021-08-30;1;43;84
2021-08-30;1;44;87
2021-08-30;1;45;968
2021-08-30;1;46;52
2021-08-31;0;0;746
2021-08-31;0;1;66
2021-08-31;0;2;90
2021-08-31;0;3;390
2021-08-31;0;4;10
2021-08-31;0;5;65
2021-08-31;0;6;10
2021-08-31;0;7;10415
2021-08-31;0;8;2393
2021-08-31;0;9;727
2021-08-31;0;10;87
2021-08-31;0;23;934
2021-08-31;0;24;210
2021-08-31;0;25;35
2021-08-31;0;26;639
2021-08-31;0;27;124
2021-08-31;0;28;166
2021-08-31;1;11;1317
2021-08-31;1;12;76
2021-08-31;1;13;127
2021-08-31;1;14;448
2021-08-31;1;15;829
2021-08-31;1;16;41
2021-08-31;1;17;6484
2021-08-31;1;18;24430
2021-08-31;1;19;2102
2021-08-31;1;20;175
2021-08-31;1;21;2191
2021-08-31;1;22;265
2021-08-31;1;29;1755
2021-08-31;1;30;183
2021-08-31;1;31;103
2021-08-31;1;32;35
2021-08-31;1;33;268
2021-08-31;1;34;23
2021-08-31;1;35;194
2021-08-31;1;36;1645
2021-08-31;1;37;135
2021-08-31;1;38;60
2021-08-31;1;39;890
2021-08-31;1;40;113
2021-08-31;1;41;102
2021-08-31;1;42;1075
2021-08-31;1;43;86
2021-08-31;1;44;88
2021-08-31;1;45;930
2021-08-31;1;46;47
